final_pnl,assignments,premium_collected
8304.702552746348,0,112445.52863039022
57837.467168981566,0,161946.1412776674
2248098.380536141,0,2352239.1793936123
39110.94939918574,0,143251.23211909537
280378.22643194546,0,384519.0522729908
-65345.69072174118,0,38795.132614907874
-43885.16512138517,0,60254.865039467535
-91346.8464554133,0,12793.965584189767
509595.60819993133,0,612082.6690818816
152069.6928415528,0,256210.28772127014
-54855.36628220059,0,49285.45386492716
-79538.56399392404,0,24572.01046859875
-85169.21108155762,0,18971.606978891923
-74538.83490544643,0,29598.899357765316
-8108.025340335742,0,96031.82710328903
-73374.87621987105,0,30756.450167875446
-59216.694160536834,0,44886.83696882505
21873.162897967202,0,126013.98907522642
116131.10227701772,0,220256.26852291485
90575.63213846562,0,194716.43139469106
-80439.74104112787,0,23700.519753551667
5417.768893393259,0,109558.55240144482
1147740.2574626766,0,1251871.9541327192
-91692.75626028635,0,12447.334977369534
-50593.78956999548,0,53547.03141804508
-65011.240504211,0,39129.370609181686
221130.9337262015,0,325271.7596841002
-80493.4756965244,0,23647.345238178998
1915865.274461203,0,2020005.3295177375
-96627.32290121786,0,7512.919889767236
-45150.49628245709,0,58990.28669526834
102273.99151625807,0,206397.2409546829
11926.448482492968,0,116067.07359120388
-56570.84935803747,0,47569.977386197046
-32196.3717964934,0,71943.81058427418
-79517.82780013932,0,24622.95799242613
-79213.1443721602,0,24927.68237104951
-90655.37016390765,0,13485.456173184744
16313.120359932604,0,120453.93223817073
-36176.74770247619,0,67964.07813945625
-76338.5071716019,0,27802.319572802273
-78452.8573242586,0,25687.96926943859
-26684.21300197015,0,77456.61086960998
101296.00158766212,0,205435.11716854168
354114.3627066116,0,458255.15620067663
-83321.39823114831,0,20819.41421105052
-83317.52814843229,0,20823.29792459433
-72131.52262760662,0,32009.067296358222
113090.43498014435,0,217230.28794920663
-58857.66017151764,0,45283.16143530604
-45881.45204357272,0,58256.08783841964
-45565.80109341408,0,58575.025155234915
-23677.111177450275,0,80463.6923794652
-79408.00996373154,0,24732.806300423756
-71361.76184410718,0,32779.064024932864
-30193.110286520554,0,73947.71604110896
-74793.11978288039,0,29347.706964236582
-64137.852850354786,0,40002.951553208935
187726.88618200223,0,291867.6989889164
-49655.59602902897,0,54485.22971052426
-26485.139067394095,0,77654.90419425278
-47333.25373207639,0,56807.572289281765
-46592.596764484195,0,57548.22581622239
117522.6587204522,0,221657.4970762244
-23803.231034718425,0,80337.59569631847
24148.681569669665,0,128289.50647160056
-60905.01372765328,0,43235.79096424565
150502.3123232725,0,254643.13729618106
667624.203367717,0,771765.0298516211
-88341.31992120558,0,15798.571206496441
-9554.24128295303,0,94586.52305005267
31929.242729506186,0,136069.36793411124
-34430.02646336945,0,69710.79987597257
-85406.68587214986,0,18734.140874746507
-84215.03452658949,0,19925.746649296092
-77269.13449506208,0,26871.691933838843
3662173.8673569853,0,3127855.6726186555
169450.62969486305,0,273574.9907026152
-87238.37044358446,0,16899.735023821828
-91138.79376441732,0,12965.17288263639
69526.03971336834,0,173666.86131171114
-66602.02449634642,0,37538.790929830306
230492.38103572998,0,334493.81331461226
-63260.55056816344,0,40880.26342356411
-46255.97642691031,0,57884.797259196035
-58796.32107087647,0,45344.504883862355
-59917.059386071494,0,44223.16695326495
-54884.758770040964,0,49234.44649082995
33734.28453490273,0,137875.1112808186
-78479.58447512047,0,25661.24057115621
67289.63845614222,0,171430.2592648357
-26944.26875094348,0,77095.35201792454
-89884.48149073904,0,14256.138119957966
-53409.035525572595,0,50731.79108282486
110146.42920802959,0,214287.06017894106
-69873.40886595327,0,34267.38495818772
-92202.79779071618,0,11938.023142512018
-13521.438860569106,0,90619.38196706229
41871.360404354935,0,146012.1780159855
616.9743579541246,0,104757.76430686457
-46111.64478644254,0,58029.03300984513
-70954.91151564039,0,33185.914907868835
-63296.04541483603,0,40844.78114786746
-99407.49328945385,0,4733.333199948375
32075.309118083293,0,136216.135372724
-90676.32196882638,0,13464.20727887889
-1915.4891574881985,0,102225.16463808341
125602.56478168708,0,229742.74368268083
-28922.872758790014,0,75217.94686220564
129464.67671934734,0,233605.47557634852
-68804.3953829375,0,35336.34687692675
-53240.28140396179,0,50900.452498125705
48978.695638450205,0,153119.5138399759
210685.58350064282,0,314826.4032278738
-33003.3294620084,0,71137.49715880408
-78307.03051713956,0,25833.795267014786
35277.312051933106,0,139416.08035211384
-54899.81625335397,0,49235.12908711463
-74617.67807967657,0,29523.117492167246
-48188.95542058058,0,55951.85730575127
33637.939724293254,0,137778.76619853865
3507056.099998163,0,3610248.8854395337
-33824.5989264567,0,70283.70535453588
-68222.7561409313,0,35918.07060449089
-57324.76283357067,0,46816.063911385754
344086.34267615,0,447806.690512796
-92979.23361084561,0,11145.005292979104
338022.767159293,0,442162.9749810781
-45707.34656750509,0,58433.33649155064
-62749.73415779991,0,41389.90732547164
759991.5605795801,0,864129.1076903226
6626.178678282602,0,110766.73784061061
-59854.37317745147,0,44286.45356553711
699577.561199486,0,803718.3528017541
-38834.09235503703,0,65306.55641274915
-91597.16983890686,0,12543.656907468541
66608.48774764076,0,170570.25677186952
162398.8830939479,0,266539.7049287503
140289.95202144483,0,244430.48587502525
-39999.00430029699,0,64141.815879537025
-95282.18299343236,0,8858.593946906194
95860.51498988157,0,200001.28594527105
-84141.57329917411,0,19999.242536683738
-820.9567685804577,0,103319.8665231745
484216.09462073364,0,588356.2617547984
-67803.25765560471,0,36337.55250090234
-15006.861401208516,0,89132.99582306798
-13270.607354402637,0,90870.21892978316
15799.079993361906,0,119806.4247110925
420479.81302689266,0,524620.606889711
18663.430097000084,0,122804.19657334239
-50209.60631565798,0,53931.22019052226
186076.72425998966,0,290208.181006374
70583.22991720997,0,171944.41796377764
89872.63431434208,0,193998.84390820682
-85800.79187778578,0,18340.03257790243
-7267.999104539922,0,96872.82690677811
-5048.121492723774,0,99092.7004755242
16660.115698225905,0,119924.33689747361
-36169.66336946534,0,67971.16250892272
-38571.99061468778,0,65568.83443172403
76531.40391526313,0,180672.12178421483
80188.45281269855,0,182500.44693088005
353606.66574103554,0,457741.88481906994
-76902.46472406728,0,27238.317874607445
121.6386975962887,0,103904.35362269204
33520.895444892165,0,137658.21254002108
-87607.29563198159,0,16533.531104556198
244119.58262445612,0,348118.3570133
462940.0119557327,0,558087.9861375869
-88166.69613689173,0,15974.130019616226
-71770.12361112967,0,32370.702731616595
-8611.55218047776,0,95529.2557338735
56256.386444177864,0,160397.21299150639
-87008.60014461284,0,17132.163345425863
914639.5144135084,0,1018055.7942734538
29265.88089089971,0,133405.95667660743
-68369.17657780339,0,35769.38432432513
-21631.528628106284,0,82509.29735848852
-53102.21365093862,0,51038.58852896641
-91315.42611566144,0,12825.324685835636
-34579.084305962635,0,69561.74230806949
-69073.38468314028,0,35067.39275595378
-84927.59188595653,0,19213.23484437102
27428308.602592755,0,27139035.3082917
61255.56257464714,0,165396.37872695006
-76511.7762801748,0,27629.05046474227
42254.3807014862,0,146298.9980837159
-87980.60669767918,0,16159.979701872837
-86068.49928601408,0,18072.211729679973
614142.1399714913,0,718268.8550879804
-63528.527322501046,0,40612.29942286225
-81907.51322468632,0,22233.313100909494
-62378.88579917364,0,41761.88576072084
-49464.174242240224,0,54676.652075215425
-84736.34617090985,0,19404.103347579745
-75749.65357292193,0,28391.173170492366
-42174.78977424122,0,61966.03680492292
-20668.308260082555,0,83396.71065055266
-33314.550699802305,0,70826.27598581417
-74433.16656690036,0,29707.659877340044
-59982.993721544735,0,44128.8373077121
282125.1823754368,0,386265.56457513146
-61043.49998301343,0,43097.32671552949
-33778.774003095605,0,70362.05245234534
-70826.78363753438,0,33314.040305897004
-72483.7787934054,0,31657.03091670858
-69831.19079030871,0,34309.61863203842
-35583.045753058264,0,68557.7808806667
-71456.40103829563,0,32684.422682231005
95988.44106415124,0,195312.2488103583
-95722.07567917765,0,8418.619088267029
-90792.53591953593,0,13348.290826766808
332690.4304875845,0,436831.25722393335
-59643.32952150376,0,44497.2713537405
-93719.80217115735,0,10421.024575255871
-61165.810464371156,0,42810.68458013297
16832610.936437562,0,16936751.563630283
-83516.58827349602,0,20624.238064717494
-11955.6891491571,0,92185.11498077367
23562.26076130123,0,127703.08502235763
-70043.96113457918,0,34096.86558346931
-73605.26927016594,0,30535.55641712314
-85010.47431596025,0,19130.350181686586
-1193.565209071101,0,102947.26147116063
-69347.56507636768,0,34744.129957450365
1249842.6206341463,0,1353983.287260396
24475.807585904833,0,128616.3858567292
-78736.12828937797,0,25404.671009827245
611624.6350732401,0,715764.6313617553
-72275.25897322634,0,31865.55951941233
-18417.839832648286,0,85722.98588334981
2301278.1375513077,0,2405416.1215099613
-42177.72713118557,0,61963.098898849166
-28739.65994173671,0,75397.9268272049
-85630.98275759409,0,18509.843986926124
-28701.875036395744,0,75438.91586857087
-79806.53887132724,0,24334.287668339613
-8282.308607427847,0,95858.0122487137
-26864.55760371182,0,77276.26886911088
-68184.24151033058,0,35956.58520296088
126362.65835947148,0,230503.42889444248
-78443.18018198835,0,25697.600799377444
616962.0414406253,0,721102.7951896423
-62131.57181625361,0,42009.252349941744
1834280.3062240249,0,1921362.599658508
1006822.9154314023,0,938497.8182060071
73192.04043625682,0,177332.72987511024
-81251.05246013383,0,22889.74035357984
23830.286420584387,0,127971.0915597832
79883446.6082267,0,79963440.46219341
140469.5271755443,0,244610.35353867646
-68996.2940294638,0,35144.50057478817
673746.4381936659,0,777886.4594326012
-94643.3582103157,0,9497.344420246642
-54588.3950648593,0,49552.429496600365
-58887.3751155991,0,45253.43603235933
-84563.93719870244,0,19576.889517274056
-66798.86373134774,0,37341.31527274098
83075.64661897166,0,187216.06273936608
-74224.61278003562,0,29916.213965088937
-73115.44888484266,0,31025.377850947138
-62723.56752935044,0,41417.18054338417
-75406.98565026613,0,28733.816791455898
813.8767106759042,0,104954.7027412116
1179528.0451077418,0,1283668.8618190028
-45179.726610612306,0,58908.496877822094
-32630.89960037554,0,71508.47803611848
15557.185458980231,0,119697.99822506132
8737.354153248678,0,112878.11833677808
-64452.58267282192,0,39688.244072979716
-82227.36146462068,0,21913.42125342243
-49359.746282857646,0,54781.079822786916
-37523.30756042164,0,66617.4718325357
-43663.43187988433,0,60477.394722334284
-39975.131852746264,0,64165.69473335527
34225.24781135856,0,138366.07297056087
158003.4759549973,0,262144.30213932897
267396.54400359903,0,371537.36679052294
-91043.80136691722,0,13097.02530550876
-42759.37831163995,0,61260.64714339936
-38924.70456448757,0,65215.901983299795
-48296.21025026939,0,55844.61623531196
-22606.622243996837,0,81534.20218850365
26952.72666633399,0,131093.51243579361
-77185.57612737235,0,26955.25007467075
24170.97295731774,0,128311.7996442864
479276.3922798141,0,582383.1591383872
-97446.45584751293,0,6694.370899340779
313660.90099563525,0,417683.8681424614
461737.10137153324,0,565786.4436826537
-88379.73676326283,0,15745.25989238329
183557.1159081757,0,287696.9577979543
-52759.323260408026,0,51370.08526680061
186991.75546470258,0,291131.7558405867
836831.2061854576,0,940972.0294605588
-40541.11745735413,0,63599.69133888721
-60526.1164574165,0,43609.86039625016
-39791.08323595399,0,64349.74201454873
-78521.29979049556,0,25618.738153554055
-75992.56501902943,0,28148.260037589203
-44063.09150705862,0,60077.02263528349
-50727.54438393754,0,53409.807901555774
-62304.337681552825,0,41836.48906000585
-28180.96078096787,0,75959.86517816158
-64604.93359469128,0,39535.892871455166
97038.47197809789,0,201178.17278733503
-19895.47367565979,0,84245.35271751496
-91990.74037605262,0,12150.086345041627
-92813.78135477177,0,11327.04522652152
-67942.03346877712,0,36198.73714793279
-89700.28687619767,0,14440.539729708762
-55684.70151122331,0,48456.123025863795
-81397.81979051307,0,22743.0069462474
-77871.81322964025,0,26269.01270259405
326323.18422126473,0,430464.00701179524
-66462.4044564505,0,37678.37776250892
-21424.07409488255,0,82716.72860630276
36489.07473643618,0,140623.9569806537
531060.779480402,0,635182.4672463931
3742489.1299774703,0,3846617.3007897995
-48884.953707005574,0,55255.87275844086
1464495.432051201,0,1568636.2548885336
11843.408812421752,0,115984.22553494146
1916818.6889078487,0,2020959.1232490242
10008.940089012372,0,114149.73278278523
-96351.4746582493,0,7789.351355048435
-89065.89987762593,0,15073.889730097744
-88636.79318992744,0,15504.032326733766
133469.9364951023,0,237610.71784069674
32190.833326201966,0,136331.6505166129
-33343.305126670704,0,70797.51583629199
713484.8133529591,0,817625.5899947148
100207.68932689191,0,204339.84551561478
464516.531760921,0,568657.3570846764
51883.1782518522,0,156023.992090317
-38492.12840432219,0,65648.6971487488
201932.84412393026,0,306072.3541027266
-23476.096915975257,0,80664.72937899859
-90102.42395928768,0,14038.40276785625
-87419.14693994721,0,16721.679801242277
-59134.92989008346,0,45005.567808919
176306.95380880297,0,280281.33693441976
-75836.05382756684,0,28304.772853599774
-74610.03341153536,0,29526.43993924806
-78383.3546990048,0,25757.4718119477
12992.104899431426,0,117131.73352312681
329900.1016646155,0,434022.173325075
35716.63254508931,0,139857.4531478987
-81356.90021029029,0,22783.926533926708
-97570.32930074749,0,6570.434833554656
216644.5092730001,0,320784.5608212518
-78713.30502071886,0,25427.413149293425
-33402.97210143633,0,70737.80206101121
-50310.838934769636,0,53829.52551455728
167098.7451093552,0,271239.5718387992
-93429.53005471535,0,10711.289448054149
-87369.4424108082,0,16771.382835344753
-77526.62515238892,0,26614.200975622
65548.86926507714,0,169667.3348281147
107155.05785990812,0,211234.60677110738
-41096.26088774673,0,63044.48552846714
-56130.93897126888,0,48009.88767284834
-46810.391729892326,0,57330.31317782452
-74442.00453657181,0,29698.82220931617
-81690.40354260994,0,22450.423077409545
-62382.22463261801,0,41758.592509178125
2254.50535944078,0,105277.49146026981
-73082.29189376828,0,31058.53482613792
-59608.86341515297,0,44531.89621515453
2292232.722862304,0,2396224.759352534
496000.1561367769,0,600122.1231499647
316248.248363262,0,420388.66593555344
76370.33312259248,0,180435.9000692257
-83248.86881963219,0,20891.95791510384
-27216.38139103075,0,76924.4413278716
4540739.803951439,0,4644879.7884633215
205.33168978401955,0,104346.10693627685
-77315.65277893601,0,26825.17268942192
-12938.18263160182,0,91202.60617279231
-25211.548456384375,0,78929.2782903965
43180.26145273104,0,147319.17162178468
-38047.88067772304,0,66092.81904614161
1104197.325568741,0,1208338.1115300248
442228.0441689814,0,546363.1951109318
-62656.720326527466,0,41482.99826175344
-26951.035945525244,0,77189.02901948358
-80794.22219990396,0,23346.341531473532
-97932.68315134417,0,6207.673714202387
278849.8482793082,0,382986.009368459
-40134.933045537124,0,64005.85749446581
2508399.476256621,0,2612540.2847368163
-95349.51000768282,0,8791.312388847165
-49460.85977043215,0,54679.95698637387
-57752.18076549527,0,46388.645938394846
1419952.1202629516,0,1524092.891731113
-68262.07483906517,0,35878.73012940366
394363.88322463894,0,498502.8936532455
126531.69539081908,0,230670.71370835888
-90728.22379990913,0,13412.599462845861
156447.21313298296,0,259927.48002370915
-86861.76058102513,0,17279.062918651976
-62929.22157928482,0,41211.600621894
-83912.86431658272,0,20227.962268868214
-90821.47500944123,0,13319.343482611277
-49079.23345769604,0,55061.58503907162
-82294.2670318676,0,21846.51924935771
-65917.91935993465,0,38222.906774376715
-87266.76594560602,0,16873.7789448526
51675.82787174146,0,155816.63935774914
459392.5168225165,0,563532.9050856885
-51297.87840827202,0,52842.94494844135
-75234.64798094821,0,28906.17733954117
-34108.984605338046,0,70031.83958028778
27255.676234137856,0,131396.06494351212
22699.71573014334,0,126840.54224095047
-61323.26063333533,0,42817.56610557411
200059.6332982837,0,304199.5520541081
57125.12216138439,0,161234.29568246272
-33679.30504184484,0,70461.51661386897
-86107.40309167937,0,18033.423537421237
72681.00447119371,0,176821.03508283893
-78047.59316658677,0,26093.173282053383
1205950.851577135,0,1310004.3946326042
475280.253587959,0,579421.0781658285
-56411.83032788425,0,47728.99513298094
37666.376950541606,0,137453.3733416958
127951.06664369651,0,232086.34340270303
-60772.36627619013,0,43368.45985051075
38199.21181835904,0,142339.2467229951
-91785.43931411384,0,12355.373936601465
-53247.85381677002,0,50892.97290846169
-56727.13189150747,0,47413.69460852817
-44541.44417093653,0,59533.78139545965
-31951.96737710738,0,72122.89330812299
-76447.67755378017,0,27693.149167113614
1991566.8907074085,0,2095702.3038774596
-79018.89585107879,0,25121.92542318929
-91993.79431206555,0,12147.032415985741
-87913.61411308107,0,16227.070166843003
30856.235796462868,0,134951.62089777587
2066.343659072605,0,106029.17766121642
49357.86144256195,0,153498.68809540672
-99388.7890984341,0,4752.035986928822
-87198.99803586595,0,16941.828036930907
44797.15688126468,0,148910.39429279382
-33300.569421778026,0,70840.25577266807
58428.28387117784,0,162569.09670192312
182103.68166465365,0,286243.7887594587
-95008.4031686043,0,9132.423578453096
-84416.19038814807,0,19724.636288062087
-92741.50838723648,0,11399.318355760848
197617.95070192617,0,301758.7383718641
-539.9998303083194,0,103600.8258303302
-86145.22339198645,0,17995.603352338072
119593.95219282585,0,223734.54508894164
-88942.06639350051,0,15198.563056211364
-63940.54758179339,0,40199.56341066753
79648.38031239819,0,183789.10862257256
-61793.28506890753,0,42347.52963284518
-89681.91748127455,0,14458.90860406153
-48778.502501204995,0,55362.32421631421
81233.67562570717,0,185336.77097520043
737901.2049906888,0,842041.3142361538
-60924.543026098945,0,43216.2837209482
-34558.13049317859,0,69582.69350383905
-75585.42616455279,0,28555.40057142698
206183.9955089363,0,310311.86456232786
-86280.25377831994,0,17860.355431893226
-47646.871439972536,0,56491.80260704086
-92921.7826052781,0,11219.04408439271
37798.528734066866,0,141936.95336761902
-76109.38273425752,0,28029.817300037637
357.7284346423403,0,104498.55130399225
270684.6166522303,0,374807.553439908
-62009.04882479644,0,42131.77737647683
-11507.039372180589,0,92633.54903532505
-92924.6136264496,0,11216.21278942039
-57525.233386533895,0,46615.59336053385
-5491.9998250557765,0,98648.76791624095
180321.523894706,0,284449.4262233328
-95002.81411932562,0,9137.98484952537
-7531.513160058777,0,96609.31092549981
302517.8298331532,0,405736.4157954305
-54623.98154938524,0,49516.17720559913
-83642.28647498936,0,20498.502410246158
4834.5984943810545,0,108975.41484185863
-82775.27749373531,0,21365.54919730396
280247.7679944086,0,384382.1580807369
-75817.29116206465,0,28306.097521173833
116357.88692224951,0,220498.71262429273
14667.721887586835,0,118808.45086878166
-87546.20334684668,0,16594.623300453295
205058.50897801132,0,309197.0290953864
-59638.618999904334,0,44502.04535765115
26444314.00652842,0,26544442.601274744
-56401.772817110366,0,47739.053584253386
-88813.18214366697,0,15327.644586809087
-38833.65397499025,0,65306.56116225409
-32092.633510084535,0,72048.19147715022
-86126.69101489178,0,18013.863937724316
-91269.65610434643,0,12853.263810565632
12161.456794657839,0,116302.14243542739
40078.595553839805,0,144205.34184027524
-42968.214311181924,0,60467.4665303289
-88671.78596183064,0,15469.04032308186
21941.06687799513,0,126081.7163954996
16067.996853523473,0,120208.54796416056
-76813.5977273791,0,27327.216141882822
-80734.8415625105,0,23390.090492678988
-48029.39429023171,0,56111.428903639404
-97752.17754177621,0,6388.648917023415
-86948.69580911908,0,17191.70009701243
-96685.29907031191,0,7455.422506969935
113332.12277440194,0,217472.92851753964
116223.73473518377,0,220364.5539593723
-75766.62161077271,0,28374.20513412888
-78907.42764776238,0,25233.399067373302
-74807.1860781344,0,29333.63187596882
24769.550432328186,0,128892.58009419234
91347.76344257468,0,195475.97563326947
-30950.325339852832,0,73153.82057370475
-70554.24355103812,0,33586.58310973401
730284.2932847092,0,834425.1166782349
21550.431672944098,0,125691.10495653201
57251.06197277156,0,161389.9070642725
-85695.410042009,0,18445.369368835876
13464.066959535034,0,117574.03894610393
-74259.82286757887,0,29880.96968186004
21214.722863460258,0,125355.54960095744
-91738.79139726245,0,12402.03534973477
5635.095531428393,0,109775.92223226767
-79985.59843150852,0,24155.228315614295
70817.79861931954,0,174958.6252650806
-89986.98683662494,0,14153.10145245086
-38697.52429661227,0,65443.27530270357
18715.129304744223,0,122855.94760606528
-40531.47673382415,0,63609.349080552005
367772.460615583,0,471908.6709461235
-85593.65101524748,0,18547.155699035746
98293.3989548191,0,202434.17100299697
12149.07206240984,0,116289.89856914358
657264.6576727985,0,761405.2709556144
-72224.92070444365,0,31915.904586566543
-76936.51490116736,0,27204.299957584688
63208.45267880332,0,167344.0456668044
-79603.18045360173,0,24537.64595364867
2113.014476970202,0,106253.841223999
-93486.43317767017,0,10654.39348360104
223509.47271854224,0,327616.8421751578
-79660.99710136623,0,24477.698840418892
1838773.897737742,0,1942914.7243765465
-28792.911348955382,0,75347.89019272507
-82868.13831811846,0,21272.688419018166
548314.6166951626,0,652455.2477680086
150162.10327062325,0,253232.66913599585
2345159.525979432,0,2449300.3312990624
58142.44676745461,0,162283.2708948347
-89862.62793599887,0,14278.198486534106
-50954.04343830297,0,53185.70914364877
-63562.694010759275,0,40578.12429881945
185518.6655344584,0,288748.5197197705
10017.899249960392,0,114158.70784645117
-65481.555354732765,0,38659.26734676732
-34934.1797019424,0,69206.64704392155
-47435.20985256054,0,56705.584202930426
-56254.983267226795,0,47885.840741809494
-72192.8207205664,0,31947.915372488733
15386.629757169918,0,119527.4496275595
-2530.361518144113,0,101608.67113166093
-91023.4163229099,0,13117.40675358926
-75489.33655249723,0,28651.490062066943
-75277.09843740096,0,28863.727616487766
-38736.3718814565,0,65402.23184476383
27509.461199348887,0,131650.28711341546
-1229.5659319589759,0,102617.63385232836
142915.34534266728,0,246077.91380116413
5615.317541661658,0,109756.14386407798
-69457.98115777198,0,34682.84495147849
2444277.1750353575,0,2546875.089733783
1222834.0805389762,0,1326770.6769773413
-69802.62703777933,0,34338.199494985056
225900.0649064474,0,330016.0057835434
-50978.987519898066,0,53161.83892766075
-88278.07611093635,0,15862.75058155098
64552.897654226974,0,168692.53064568486
-88113.77738592494,0,16027.045165046688
233953.25268804326,0,338090.7012682279
1704975.9884973925,0,1809115.8136019716
-4623.30864471972,0,99517.51782289297
41841.44297537892,0,145982.2696202975
-69428.5258896376,0,34712.2454323287
220701.61703056606,0,324842.4403942187
226920.9596121155,0,331055.68238322774
193101.58174663453,0,297242.40710656723
14117.505884710095,0,118255.25130109815
-37390.080765836494,0,66749.986003082
-18070.82300264269,0,86069.68182239847
1864611.5571967924,0,1968592.3448431285
525471.8794723068,0,629056.482467968
-10794.54737930515,0,93319.27826053066
-75416.92261267232,0,28723.903977431175
-82085.23171996261,0,22055.589570691554
-73669.51742736017,0,30471.30922176691
-35962.23574950599,0,68174.75842675459
82355.85331021537,0,186496.51282260098
-2183.219907807528,0,101953.62672720807
5333725.4013442695,0,5436804.183309539
-95607.78326400521,0,8533.043481323291
130360.30267279962,0,234469.84759848882
-52324.445102435195,0,51816.38092606121
-78423.87432781831,0,25716.95237262823
122549.68675317097,0,226690.41398833963
1017599.71742156,0,1121598.5883344
-85576.99207312406,0,18563.79914467143
-79822.18675210216,0,24312.70194107924
56762.72747045261,0,160903.22569057936
-73922.65263846473,0,30178.59340387995
-17524.39831351365,0,86614.89045148916
-90894.47596702642,0,13246.344760110791
95210.29508017629,0,199350.9434498048
-83096.2777662924,0,21044.014097106257
-71667.41614793948,0,31303.69264379791
88516.39278159957,0,192656.81003057104
-68262.37760765865,0,35878.20056602112
-86116.1172711552,0,18024.624225316784
-82687.4660100125,0,21443.835558544204
-64863.66996324863,0,39277.15622303809
26723.04758016712,0,130863.87319427425
-49533.37652032118,0,54607.438668971394
135646.43743538536,0,239787.25788733826
-87109.20591647446,0,17031.61375139306
2225884.8097951915,0,2330024.0224431455
-23815.328697001965,0,80325.37054667893
-44448.99477363404,0,59691.822920492436
-47169.29302823082,0,56971.5331780356
74756.20261024332,0,178896.6476524933
256593.49840250178,0,360733.2200264173
-76570.2538582825,0,27569.67510086907
-40423.331289163776,0,63717.49545664819
4811.406779075325,0,108951.09300812778
-57455.57731091891,0,46685.248280113025
132401.6464898916,0,236542.4730901912
-89669.92075283123,0,14470.90326410996
6204378.275388171,0,6308505.561706604
-44168.023521347925,0,59972.80195227774
-89110.46855394161,0,15030.358095661933
-41111.30869371863,0,63029.498586335525
192003.87629367647,0,296144.6991527287
-94047.62335174048,0,10093.203237906318
-94396.57348093676,0,9743.31623969734
47395.567272254,0,151516.37827071908
44477.240423187824,0,148618.04670615564
-20089.43276579549,0,84051.38993094345
-71029.48343111612,0,33109.55457994734
-62930.654299073474,0,41209.9440090926
-78125.825480222,0,26015.00100131707
261826.9373111721,0,365964.64777202904
-73451.63503838664,0,30689.17974575191
3050.165459144744,0,107190.8473081584
-47662.48434850192,0,56478.34016084777
-57107.137289860475,0,47033.58667588322
-75127.16048145997,0,29013.362015509854
-40846.375357793,0,63294.45136811286
-69152.28282855447,0,34988.54379729397
762222.4117960504,0,865970.2893824183
36803.257600742254,0,140944.08434324336
-56271.732057015135,0,47868.4176838575
189411.71575106954,0,293552.49456956243
366290.29861028795,0,470427.58765629056
-72374.47276315269,0,31766.352551586468
-77047.71736041033,0,27093.10452349485
-29758.950405228712,0,74381.87631996328
-33277.14782907584,0,70863.19945623835
547990.0970688921,0,652130.7667852112
-26714.770407908374,0,77417.33695376222
17716.04479009436,0,121846.93655743168
-83720.53758604995,0,20420.28900973445
-88004.48499881642,0,16121.357926379505
-79815.96575413611,0,24324.860987420238
-41991.07730968221,0,62149.72364440032
-99577.79337830911,0,4563.033345775175
59708.22174813809,0,163820.01338709964
-59599.67198006593,0,44541.13915787584
-77915.8349490895,0,26224.893089526922
131576.81117488374,0,235717.49642364762
-52411.48301968232,0,51729.34371222867
215427.3275771398,0,319567.96952715586
129853.53983047133,0,233994.30929097265
213863.21230967672,0,318004.0390560547
-36351.38073203287,0,67789.4173465055
-66443.40400466298,0,37697.4225051389
-99595.35525300569,0,4497.27581447162
18821.124011585103,0,122959.51461899304
261220.98962327823,0,365354.16091682954
-76836.0400701962,0,27304.785506183238
-83053.47913438122,0,21087.3467699757
-23048.197482434283,0,81092.6042054465
-72693.20417768534,0,31447.62053144363
-77275.97229913197,0,26864.854183502037
-14392.662379343157,0,89748.13456151566
183692.1805309543,0,287829.57626093074
-81123.6301276708,0,23017.196246799627
47.76353684446076,0,104181.74638267666
-55921.07947849942,0,48219.74726308527
86633.53107668823,0,190710.31917392864
-95604.35290812192,0,8536.428748062304
65405.711814863396,0,169546.53846900072
-88402.64410547832,0,15738.182577671672
-26220.28021428151,0,77920.54640815801
-89308.15253639533,0,14832.673384076264
-84461.09986594398,0,19679.452398912465
-74732.76068634985,0,29408.065526402203
336563.7590151907,0,440694.4439452583
-74786.88814012293,0,29353.93860541671
-76710.6015591299,0,27365.66490955459
-81863.58978197152,0,22277.232831716596
33727.18367562435,0,137868.01042275192
-55083.58448279638,0,49057.24207178301
-34240.389802616315,0,69896.47659893431
130421.84721297349,0,234533.4322070577
-63363.89653388643,0,40776.92894906205
-29009.829286018736,0,75130.75107861431
119303.56076532131,0,223444.3873297602
388973.4267918065,0,493114.2472961814
-37798.706512052275,0,66342.11862548231
-74261.71150273559,0,29879.115244129913
67568.5681277104,0,171417.30685698165
25187.614500369826,0,129325.06132495798
6736504.232279099,0,6015292.769273982
-97102.91270998877,0,7037.794611783292
3086071.376261198,0,3190211.481763117
-67182.27244367498,0,36958.46136527387
-52606.89997327547,0,51065.94018682144
70068.25967112315,0,174209.05883316466
-78722.02924823963,0,25418.7770915536
287400.5987881002,0,391541.0655224782
35910.616113998934,0,140051.44043277667
565409.4441404786,0,669542.2064714557
198576.34684562546,0,302717.1698355246
-40471.18265430982,0,63669.64395498413
-27097.701811628835,0,77043.05834032416
-11363.081366738501,0,92777.74525747843
-22863.75040111345,0,81277.07634175797
-59945.006441336016,0,44167.89004716322
1507525.01492299,0,1611637.8702601786
-88053.32326659805,0,16086.235647984086
-66012.231648849,0,38128.594958494716
-91884.34918993275,0,12256.46331756389
-39066.264024084136,0,65074.54760327669
-81198.78596052772,0,22941.829477488838
-82372.42863460965,0,21768.394550328147
164860.45385563493,0,268995.6595020733
-93050.01874941672,0,11090.80790642165
-19460.67943534065,0,84680.1472380679
237874.7264983961,0,342015.5466600345
752.1610984289073,0,104892.9317375467
-47385.1089808305,0,56725.433523921114
-88377.97245703448,0,15762.85323418156
-43886.02870785854,0,60254.53018485939
180390.31959505737,0,284274.3785536873
-82572.65256635749,0,21568.169368207844
-84968.97072094832,0,19171.133532062206
-2861.833557152764,0,101263.63453794809
-53395.26285061816,0,50476.7592045308
-34427.849179489865,0,69697.8884197368
-47505.30045796512,0,56635.52612798489
-95876.46832871821,0,8264.351268668595
362652.1376293282,0,466252.14256096137
-22741.40922640705,0,81399.41705918657
-49432.73864191245,0,54706.98207267955
556506.0369757619,0,660646.8487282195
34138.11818371557,0,138278.9416668726
63724.19849593743,0,167865.0252193889
-96966.46803369917,0,7174.358635363984
19127.33385650334,0,123254.57848748013
-53693.109858840355,0,50447.67649999012
563618.3378810805,0,667758.3509001064
-92489.20126043269,0,11645.674005611045
77897.22026429631,0,182005.44930186728
-26954.898555736956,0,77185.91771391565
47108.590519051904,0,151245.45550594796
92660.79336808677,0,196801.60940449024
195684.9431388638,0,299602.7778286161
-97423.11969984917,0,6717.573110884861
11903.009011682203,0,115839.7716399191
-69524.81317746095,0,34615.95078259714
-94728.18504129571,0,9412.563549959792
-19679.333435638757,0,84458.77504244074
-81421.83531824689,0,22718.574315899186
-19594.45743380352,0,84540.19437734611
-67968.88240907804,0,36171.94377919477
-47571.01719009121,0,56569.80906225417
123974.15198851403,0,228114.97843182096
-94196.97312291677,0,9943.845117665489
-71665.70016168173,0,32475.117385365545
1598045.4303710498,0,1684109.5867698072
-10046.388151851934,0,94094.43771785208
-74231.22215719704,0,29909.599371219687
-15634.266341921517,0,88506.4871242906
256291.01525962012,0,360360.9643261644
99674.32273955975,0,203815.14734476386
59135.42778876139,0,116329.71509270545
657596.8313138862,0,761735.8944716022
-85.84488123039773,0,104054.57989455243
-25546.29994089795,0,78594.52670852059
-73322.11020306684,0,30818.716544042298
126222.67807286614,0,230363.24111466276
929949.0735872298,0,1034021.2711706349
-50200.21517115736,0,53940.61145568055
-35712.947109245826,0,68427.87959029817
-95540.2290070086,0,8600.096488542293
24482344.461183697,0,24113134.11270946
-80979.17112866629,0,23161.655564886376
-88355.02568282021,0,15784.731469429888
18263.978098507716,0,122404.78232473743
-75590.32529840851,0,28550.50104690163
-83287.6741166487,0,20853.14645859778
3121287.1253192434,0,3225423.3736154893
-86139.57932268144,0,18001.23669746392
-32724.289874782415,0,71416.52898690593
-57019.723168444216,0,47120.64423952225
-69539.0082309833,0,34601.75471328079
60677.47719466882,0,164818.23617097086
108766.8125236423,0,212907.53296600535
259633.6936498624,0,363690.6154376042
27626.952936164533,0,131766.93223801654
-85122.29834128669,0,19018.528404328732
-67803.83892526773,0,36334.739701413906
-69936.6642004046,0,34203.1046519068
-89851.70465116273,0,14289.121898126576
-62331.860923261615,0,41808.96509828469
126908.14410537545,0,231031.84546668766
-79316.92850105115,0,24823.689625207626
-16564.03951554103,0,87566.40199829395
251223.6154739644,0,355344.95863476885
-84636.25441306605,0,19501.22961432471
-100969.86385896745,0,3170.9621823134053
-52330.38124812493,0,51810.42968060241
-58341.66445696787,0,45799.16070955507
23044.595932434844,0,127184.65752736141
-98411.99340734145,0,5728.821252115863
-2207.877906804635,0,101914.86208091883
129613.38671230184,0,233754.1763202073
79621.2334188589,0,183762.06016057267
-46875.08090298635,0,57265.744418584036
-82587.05589634951,0,21553.77003358685
-65923.13731009014,0,38217.6893286963
-493.488500686537,0,103647.33822694681
74969.5661311496,0,179089.1647986719
-62286.0546381746,0,41852.61149239946
-7986.8752964477535,0,96153.94658403438
-82219.78267582225,0,21921.044070517255
-82864.43840463704,0,21276.3852884093
37599.23067875251,0,141740.05628349955
128378.17884974455,0,229594.7545826671
-66426.67927937854,0,37714.143891628446
-82328.75009753459,0,21812.074400012465
424051.6067238235,0,527645.6704508882
-68671.64452965879,0,35469.18158017524
399680.97078087373,0,503821.77324039233
-45500.65736265281,0,58640.08947720794
-86167.16146329971,0,17973.665267943234
-29750.248434392957,0,74389.74919771105
-91435.21618245894,0,12705.610563945756
480072.5188124131,0,582994.2542220098
-92712.06533414444,0,11428.758839042282
-82666.24404177954,0,21461.187179531902
73592.56536197584,0,177732.96254243303
385604.53498938994,0,489745.2042245778
-53330.88189535838,0,50809.94485059898
88107.51096497563,0,192248.09233464402
351173.62714060326,0,455314.37615176983
62701.124308279155,0,166835.6337511295
-77321.54964573667,0,26818.82958233389
166233.45399225407,0,270370.1762618232
42086.53201019449,0,146223.71655809824
-47021.26670425213,0,57119.56000348196
-58196.424982648066,0,45944.401147679535
-92989.65177889647,0,11151.1746529336
-2138.873074760595,0,102001.90542582473
-8405.28111010063,0,95735.53296889777
26865.35517926336,0,131006.18082854914
-6278.941436702284,0,97730.43211623316
-83048.64943834956,0,21091.778994243232
-49691.33326394131,0,54449.493434787524
-35552.28440623911,0,68576.55123481307
12770.248368247812,0,116910.7583860181
-98938.31030509103,0,5202.512830724265
72100.8952486229,0,176241.6929537202
-79509.5720712663,0,24631.253675440417
-81647.0007371319,0,22493.485887870575
19759.83922998113,0,123900.53385889674
567846.8414038246,0,671987.6360309501
996118.5570449575,0,1100259.2409270573
-68046.53116057676,0,36093.92693232817
-64574.97594436849,0,39564.819521517304
274420.23933223524,0,378561.0543515947
-43444.697021755026,0,60696.12972387865
-52704.95956356211,0,51435.86469580242
-43286.912840687946,0,60853.904969238334
331465.6875247344,0,435605.449535326
186946.7464758894,0,291085.41868382785
-65893.91597652795,0,38215.529425431356
-78226.7815428933,0,25913.642921761337
-69007.37658492083,0,35133.44736246227
-85497.69114760467,0,18643.076237083453
-88807.96727029755,0,15332.072287928082
-72372.6975336085,0,31768.129066897247
-64212.88674688012,0,39927.93760767391
-95900.71420385907,0,8240.112198047018
-79344.1984710072,0,24796.627034754983
-32557.299361634905,0,71583.05991531967
-69392.13821427453,0,34748.68846150188
84646.17625714309,0,188786.04090835855
-15866.712429266641,0,88274.11399105175
151987.2326034991,0,256128.05170355763
-24354.324256791144,0,79777.09414789054
409095.0125120752,0,513234.38339176064
83670.24912449211,0,187811.0743866187
-97975.07625652262,0,6165.750181958199
-69389.03491967233,0,34751.298286592304
41235.028810233365,0,145322.43716574283
-57523.04548634117,0,46617.77974149357
-41826.953449423396,0,62313.41139244751
-35391.7140722187,0,68749.11244182469
-65482.20236189531,0,38658.62438439981
8103040.823059196,0,8207181.13043457
-97093.56100207038,0,7047.264850245233
-10841.315974073244,0,93299.42202381243
-24407.626183898075,0,79733.16022015698
-74666.33873583651,0,29474.479959488566
93711.8457992168,0,197852.6725216488
-61153.52655569551,0,42987.290921083186
-89507.61430622882,0,14633.204719072382
-9194.666293263515,0,94945.94433810966
-78260.19078634767,0,25880.635479845223
20954.646107122673,0,125095.45910843444
75930.01047612866,0,180070.82090893926
-23056.6515741846,0,81084.17517274311
2012503.135398968,0,2116635.1067483844
-99829.92988476373,0,4310.896848944821
-23578.61195251501,0,80562.11009537883
-19334.411792452658,0,84806.41090378855
-86236.98540048233,0,17903.83674169628
-37678.249045736295,0,66462.23149534801
-38283.04493285616,0,65857.77125790279
7269.2291804574925,0,111410.05571248694
7242870.244570658,0,7344172.91576011
-21251.238877291817,0,82883.60591431026
-56386.66669559129,0,47754.16002046684
-76452.91281708617,0,27687.913913338623
-22473.12810549265,0,81667.07808594052
-21738.879636380232,0,82401.94568175898
-46670.06588457007,0,57470.76084153101
-4104.850135246335,0,100035.93455297638
21540.80677399091,0,125681.57333435609
-64700.78495257442,0,39439.82036889468
-7250.675629131045,0,96890.14995914958
13305.090906776342,0,117445.91762606904
-71363.22993839867,0,32777.574786839505
-45259.27949176655,0,58881.54724601528
6672.2177155311,0,110813.02667141384
-36306.52493882106,0,67834.30156338392
89850.88430181192,0,193989.75338418738
-56346.73454372315,0,47794.04198769903
186863.7375689956,0,291000.6200853749
-37762.67439001338,0,66378.02852788821
176461.28360905428,0,280602.0810114524
181440.44093446233,0,285571.38759724074
-69959.071205542,0,34181.752856594
-80993.11242645208,0,23147.5572862982
88225.53185513397,0,192366.27900724823
-51987.5006038613,0,52153.30087052879
-88546.90248272204,0,15593.7879703591
-63077.78416557415,0,41063.04161149232
-74222.07764546409,0,29918.735110504913
-98995.44487836552,0,5145.379514939371
-70805.81812751027,0,33334.77988937531
-74258.19064621787,0,29882.631040099775
-65072.37301650418,0,39068.395104836396
-88460.06499855075,0,15680.730015956124
-96043.59461833775,0,8096.992674676852
305114.4044185858,0,409244.46729966614
-100842.2590709388,0,3298.5676672536783
-62825.680941942104,0,41315.125943802515
-33439.1927360782,0,70701.63369856263
-25939.407778760018,0,78201.41687084419
-75559.11040119035,0,28581.7162256578
7138.718235190208,0,111275.47377375702
251638.30584268432,0,355778.2475262462
-94027.92472069743,0,10112.900766368277
-83536.17854173358,0,20604.64801253832
-92804.14819398725,0,11336.676539991899
315285.99365021475,0,419426.75792550354
-43716.868996487734,0,60423.95765896722
-86426.59711260772,0,17714.22956700113
-88999.24344037715,0,15140.098178558668
-52617.87321729761,0,51522.56937377699
46824.5728027996,0,150930.01071804206
-76672.06928411372,0,27468.756323075515
45342.18733463236,0,149482.75519162513
-78837.53450387254,0,25303.29063998962
-60586.52560050626,0,43554.2885053501
-26564.46323777076,0,77518.05329412992
35941.81830394717,0,140082.53954433
-92624.35668111756,0,11516.467308864489
-82084.03167610482,0,22056.795063411668
-1890.7132636733295,0,102249.94804134493
-16992.531213427676,0,87148.2687317641
-70900.88915388397,0,33239.93450773934
-26467.80847287704,0,77673.01826317653
15522.10092924453,0,119662.92767342273
-44111.09078922005,0,60029.73140559282
567174.2825913619,0,671315.0248361614
-77504.84673331704,0,26635.97894638055
4551752.8407752765,0,4655883.200449942
57650.726605609605,0,161791.5512802464
-93798.22474283125,0,10342.60191227145
204890.6435448735,0,309030.87755815027
-28024.812993462034,0,76116.00939606626
-75579.31190266818,0,28561.51479533644
-88199.60434665054,0,15941.217379935015
-2741.2078491393186,0,101390.83824206953
-66490.13238357138,0,37650.61805440238
701772.971580614,0,805025.8745985187
66958.94931509084,0,171098.06984342655
1732033.8032710715,0,1835476.8796314904
-85013.75586087789,0,19127.011426040714
294106.1330037785,0,397994.75047085003
285118.7480558195,0,389253.98853091506
-82468.41076217467,0,21672.415984162868
-43057.86812530306,0,61082.51374083262
-65258.048212912145,0,38882.77853418951
-83597.2047108406,0,20543.478209292844
-85293.06265667458,0,18821.720702938932
126226.34964936142,0,230048.9131195792
-5043.7428211982915,0,99096.0156242301
-68141.30649850109,0,35999.461440482715
-81364.90141393659,0,22773.0642553705
-71203.7202968582,0,32937.10631161532
-46866.69454484202,0,57274.12317522391
-71715.25700953124,0,32425.38926815607
390755.8074043622,0,494896.46619025175
237736.17070930082,0,341867.8915040542
12961.858410838999,0,117102.56584255287
33710.70457876502,0,137851.53105847174
64068.66941840501,0,166568.87741651016
-6841.2500598113475,0,97298.86050608197
-70535.95587654377,0,33604.87087017831
-97777.89153578908,0,6362.931265675626
-95391.83948398533,0,8748.987257342318
183766.73036765365,0,287904.8880795476
93614.32037016444,0,197755.14468038655
-85885.4705212827,0,18255.347951253956
9238.087233582177,0,113378.90541678887
-58698.955380177365,0,45441.87087945082
65300.179678677865,0,169440.98296374572
264975.88236299617,0,369079.9115915868
90092.47452687204,0,194233.14753076402
-33149.84405543853,0,70990.9816523975
-10797.99840673629,0,93342.0918792849
936681.0311983002,0,1040821.857908746
70966.50865169562,0,175107.28980545216
196982.1616043213,0,301122.9775938211
85830.97024276026,0,189967.5273412688
-82143.79045402235,0,21997.036285662005
-81944.67626400078,0,22196.126563350994
-83930.19418635608,0,20210.63251302161
-51711.91893543055,0,52417.70605044434
-23593.260212972134,0,79613.4909257179
-81715.11475118763,0,22425.705354638434
-64543.82941891342,0,39596.44632682186
76779.72473497913,0,180920.54592494445
-99248.3092077487,0,4892.516475324192
855971.3834760503,0,960112.1128783117
-84061.7811809027,0,20079.04554839964
-45073.03618890776,0,59066.03538577604
-92968.48306573453,0,11172.343676929906
109774.91209310063,0,213915.05080239355
4984193.024171349,0,5088313.973136148
-90110.46837441619,0,14030.358352655503
-75539.0962427357,0,28601.61033989852
-90031.46985825809,0,14109.299084673994
125159.61142291984,0,229300.4376531119
-50883.4390943328,0,53257.37128206179
-45676.771706393156,0,58463.956742285205
-57609.67317853233,0,46476.62143242434
-81236.77285638839,0,22904.051247710926
-77479.10034749046,0,26661.26312610323
-18617.15054846528,0,85523.52756301906
-68273.43486346782,0,35867.234269907356
-52994.599523590514,0,51146.22301404506
-64403.924804802555,0,39735.49440289301
-42315.07788617141,0,61825.73510506766
102785.18086106991,0,206926.00745341697
-77949.27896585477,0,26191.53728651082
-58513.74155131319,0,45627.06278024778
-58920.418893298985,0,45220.40765197068
-80546.89616323615,0,23593.93023539324
-47428.5120467416,0,56710.60537159411
-76932.25782947236,0,27208.568914250936
-51419.646935636214,0,52721.17970708533
-20530.697904369652,0,83610.12881619183
154047.10408346535,0,258187.93068337237
-92747.04559828977,0,11380.104072773414
-26713.870663912912,0,77426.83439325255
-51462.57900105777,0,52678.24655511377
-85667.78438022404,0,18473.002379138918
-9344.446020647003,0,94796.36292825027
-72879.86033999047,0,31260.95823698128
-75113.8804804338,0,29026.876983646616
-54071.74209929425,0,50069.084600323156
-77150.70419597543,0,26986.651490214546
3163.152312723665,0,107303.97905032431
-81013.7002772966,0,23127.124569010404
-54525.44069252857,0,49615.29446819145
-38369.6831044578,0,65771.14249979012
-249.2366800934251,0,103889.61476937143
-91695.80374724453,0,12445.021233145173
-87460.59320439392,0,16680.233533114773
-17455.07872143612,0,86551.82257132228
-16463.762743831925,0,87672.70400230568
-54595.377007720344,0,49545.438433668096
24866311.17392108,0,24970448.273960307
-71744.17714747722,0,32396.642858968957
103348.1404836523,0,207477.92463177844
13619.879740076874,0,117760.70646107271
-69082.03461880107,0,35056.953893239646
-34620.61160766524,0,69506.20195724597
1244250.7617771185,0,1348117.0760732053
-68454.31327445348,0,35686.45586193316
104591.41629095288,0,208720.66174807923
-19822.824598800085,0,84317.9605779314
-69761.22260550917,0,34081.218505161254
-91253.32391811826,0,12887.50280613499
-83556.96392206431,0,20583.85802069482
-15235.513180943344,0,88905.31313500421
-54276.91615202864,0,49863.03614972669
-29825.60960987173,0,74315.1811209315
-51174.337730794636,0,52966.48901616858
-41495.502266777854,0,62643.54365385002
-81500.3511420701,0,22640.159900795596
2354124.344675381,0,2458237.065568132
-73319.5937299934,0,30820.720808172064
241607.4953641648,0,345742.8256522658
447192.04007753584,0,551029.7144762127
-18575.268672091872,0,85565.55805220109
218544.19472391778,0,322672.40118363075
-86077.90394708092,0,18061.410489882855
-18569.77350287133,0,85569.24996416034
429468.94792332704,0,533600.8546947023
-4506.714455146983,0,99634.1122863348
-41780.63517586302,0,62360.119627864166
-47969.31340645874,0,56171.50982166201
-68588.19644826872,0,35552.62831171924
77775.98676108912,0,181902.46024453169
-82638.57703760026,0,21502.2497093604
-38925.41888842522,0,65215.40558880036
-63378.37540513073,0,40762.447403294114
-12596.237155552488,0,91544.58925432373
-77224.14717779007,0,26916.677187136225
-90512.34436031253,0,13628.423340066247
93160.33499068787,0,197283.81606963841
-54177.421421225976,0,49963.40532586918
-33678.037007583174,0,70462.28632952255
8879712.454636982,0,8983853.190248128
533458.5004192436,0,637527.1675916362
261575.2011936575,0,365716.0267134365
-59812.569355615124,0,44328.16793542638
102931.04087182065,0,207071.86761785002
151654.0329799271,0,255755.554930798
-22010.33637724336,0,82130.49036161327
-87381.23122083614,0,16759.595112360694
508752.44510168035,0,612681.1862426747
-90248.39417185145,0,13892.426258266307
110169.97228776928,0,214308.55347845037
-13956.368143579915,0,90179.13636897717
-67878.42191120992,0,36262.40479778217
-33269.245441736995,0,70867.81508293089
-16602.167575036437,0,87538.54786079183
-89428.48497500055,0,14712.341769884852
4058.168204164547,0,108198.9949466516
333192.44152010896,0,436847.31106730876
-90110.77178479289,0,14030.053408284673
-48910.05302146766,0,55230.77244296448
-65166.02023781926,0,38974.80627073445
-87997.73215164842,0,16143.011034574045
177531.62522931537,0,281672.4509671771
781091.1293028331,0,885231.8414115757
108202.24520884204,0,212342.58818003602
60562.48894434385,0,164703.31480430125
-78751.36574631804,0,25384.831721777304
-46905.05957497537,0,57224.00509513276
-4058.7619836825907,0,100082.0638698832
-27610.492529620373,0,76530.333188418
617507.9644807328,0,721648.7354118867
122318.8907096498,0,226459.71664013134
-33390.835757435445,0,70749.06839307335
43728.94225539953,0,147869.76030045733
-72174.12870332826,0,31966.69803193025
922872.7695449659,0,1026773.9194707943
-79788.68138400151,0,24352.145247980094
129818.05346126042,0,233957.09425446572
100758.11676563148,0,204898.9365205429
805253.5574257872,0,909383.3862962923
-27685.834997625272,0,76454.99158934205
-15950.907047860994,0,88189.91923409849
11018.140673492002,0,115149.7335398505
-53873.587199882524,0,50267.23951210262
270659.3381955357,0,374800.1526822345
77752.09319740842,0,181891.57738407562
311018.25895512156,0,415159.0576009725
-64361.351114750665,0,39777.99006741137
45927.45707024112,0,150064.70758243575
2407729.4657432083,0,2511776.780988172
-76118.93900499192,0,28020.55596855825
12762.948670106794,0,116831.66770843032
160701.73114043233,0,264842.40760536666
-29335.96460200898,0,74804.85433045567
31033.881100714316,0,135162.85781239354
-97765.77048954967,0,6375.0562575755175
-84856.70064503566,0,19284.12313850583
-86241.30286133091,0,17899.523696051274
-28799.780177016804,0,75338.2661022323
-88736.3606458452,0,15404.465765565763
193619.96622778702,0,297760.62121196726
686554.9634679385,0,790685.9053458915
-69850.72826461018,0,34290.0955701513
-92777.104305094,0,11363.722441788332
-26816.313106085865,0,77324.44294273129
-50279.12764221168,0,53861.6983102436
-34190.844108181474,0,69949.96946851276
-8564.303016860002,0,95570.84309167086
-86306.95273815392,0,17833.183471171662
102771.40630883348,0,206912.22721462752
-91641.84446995176,0,12498.955926863457
26736.89784351743,0,130877.34584725242
294056.86984027224,0,398197.61895818386
5001.984009212341,0,109088.7340235764
-60642.457753272654,0,43431.86611222714
11035.543080671778,0,115176.359789092
-32695.223431405255,0,71445.5890565968
178121.90958317678,0,282257.82885249425
-71831.5077257705,0,32309.319021347197
-79885.82854780149,0,24254.996234192244
-88751.2734352932,0,15388.022788841537
-57947.62712537852,0,46193.19556853611
-57222.14424023909,0,46918.68244402408
125589.16870112487,0,229378.24689901856
-62134.555624863555,0,42006.265740962604
-60672.73364835424,0,43468.065658795065
380645.7404747299,0,484786.3859730988
-95555.94392589916,0,8584.876832497443
-71928.89635770091,0,32211.894416852745
-88165.18967081685,0,15975.63707194703
-93567.87422493845,0,10572.945249075698
-12965.493747530454,0,91175.32753243377
148549.62597490358,0,252690.22872685196
-44659.575484501394,0,59479.100760054134
-86559.1077899459,0,17581.718243320665
283865.25018810516,0,388004.4375371281
-70727.15584430951,0,33413.669563318836
322429.35394090106,0,426385.14502484037
-10594.090999270316,0,93546.65523889453
-60258.468121426355,0,43882.35801091099
142318.4035730845,0,246412.6119562013
-8040.2872696806735,0,96100.52082338798
-56510.739374502424,0,47629.894703521895
66050.27224246011,0,170186.44463783104
-45373.8494561178,0,58766.97682857127
-84209.88908527177,0,19930.9094953987
-93015.87090864556,0,11124.904100812506
-49359.81273933192,0,54781.0139511018
-97988.08918799262,0,6152.737556197273
298963.93504197744,0,403104.7243216074
-79495.2599715013,0,24645.565208987195
-70260.9227796632,0,33879.903933675494
-87787.4417296632,0,16353.381244344597
-61964.6070597268,0,42176.2106053351
96724.38625561437,0,200864.18233845689
6805237.070849609,0,6762119.814628697
-97127.38140511399,0,7013.411692442306
-37311.735749638035,0,66828.36825749042
-48405.60475747442,0,55713.28058270369
-74665.6975017552,0,29426.38347983608
-60397.11977117599,0,43743.54852806047
922392.3073665358,0,1026533.0027654754
-87711.03875322788,0,16429.778566330406
-48172.536396929216,0,55968.204190776174
-88952.49662524878,0,15188.329954749053
-83534.62887861706,0,20606.108238692173
-40413.56391313051,0,63727.22315473659
50473.529441023704,0,154612.55151397033
1168338.5831124808,0,1272479.4097396866
52894.97319709836,0,157035.62633272645
-40173.87343376547,0,63966.89969097424
-11813.667634868463,0,92320.90370572571
131891.44044510607,0,236032.2671394627
-46243.49625073903,0,57894.50486465697
-67298.0197180839,0,36842.79147888951
-7711.254285562951,0,96429.00667624081
100579.00710424682,0,204719.7941543633
-81502.05799413657,0,22638.768626996425
-53697.77811060435,0,50443.048607867684
-72111.34428652469,0,32029.34167992346
-67628.23558732597,0,36512.59074085377
-94839.21335279974,0,9301.613180627966
-89151.02440843737,0,14989.620570327534
195512.8844975697,0,287870.54466843506
-1173.575478507526,0,102967.25123122116
268595.68046980526,0,188138.27926409987
1474092.210509499,0,1578214.309277181
9056.253892344372,0,113197.08062064828
-84633.84590426582,0,19506.98076969865
-61203.84540148181,0,42936.96617779214
-70996.52207434234,0,33144.21114428113
-83100.25008585134,0,21040.56466628022
-71422.97146384107,0,32717.847676767014
-85659.33130568182,0,18481.491948546503
40985.677067810255,0,144975.14062825966
2947588.700066696,0,3050708.362863763
-62987.7056859537,0,41152.95584713884
-68868.27799331555,0,35272.535290684464
-5894.093972826449,0,98245.35793059396
-88997.63082171214,0,15135.633445501706
-4442.496698180512,0,99698.32995953399
-88028.2589010094,0,16112.245340612764
-20784.685348571424,0,83356.0812316857
24048.637353270962,0,128112.06278171262
-78139.6713634247,0,26001.153415917197
-26102.21730287614,0,78038.50333126327
-87466.45622933522,0,16674.370157904854
133103.0608577429,0,237243.84685485356
54642.12178154186,0,158775.75505745865
788598.20314905,0,892736.1970434007
-81702.13994714072,0,22438.686461508718
40379.647656548645,0,144520.47385012748
-46250.5859998847,0,57890.239344558075
10328.956700793686,0,114469.74276713259
-42830.99631399766,0,61309.826611504344
-31460.334575517798,0,72680.41208107398
-96854.85304839064,0,7285.937672373624
-83540.47918355055,0,20600.275439442463
-82629.75175159395,0,21511.074476436224
-36759.32562590652,0,67381.48946260089
-97373.48817759374,0,6767.337646748057
-39406.38687355809,0,64734.39286016562
-14616.631520082185,0,89523.70404690364
-8625.078235708374,0,95510.86356173837
-86949.4713058985,0,17191.355441125866
-10567.22249815132,0,93568.46993209713
-45342.4592379095,0,58798.36645103191
220740.269491152,0,324879.658467674
2008351.578469259,0,2112492.4037212473
89441.15320090708,0,193580.67797199156
-59875.0109701509,0,44265.81488681817
-63469.30129692494,0,40671.502763285906
-93623.04944652018,0,10517.777264960087
-62467.66672466346,0,41673.1593455231
-50319.430537569264,0,53821.39618405782
-12115.201520609036,0,92025.62522476961
-54358.08933807102,0,49782.73028107066
501647.5182828541,0,603977.4137846765
-57272.324464503035,0,46868.502282519796
139180.44271661324,0,243028.4442698518
-72797.82932707286,0,31342.978731889012
-85341.62999143463,0,18798.91545845946
37781.79837730234,0,141922.62509674818
-22140.125602295404,0,82000.69886863146
-86556.22015707668,0,17584.552477876194
-95629.12232449584,0,8511.704205455135
43111.739583686525,0,147252.3894254116
-97660.83557527806,0,6479.987215186482
-60402.754110034344,0,43738.07263420545
-83549.63039272373,0,20591.196348001475
33472.29124562487,0,135342.16470164064
-38395.478269493266,0,65745.34847014019
-56773.53456943639,0,47367.09609494592
-80070.4270985254,0,24068.343842435002
59523.94429173905,0,163664.76932155777
-80969.3575380153,0,23171.465639063586
-81763.90484926812,0,22376.921533572047
-34805.235849870165,0,69335.57200421538
-68692.02383603295,0,35445.30156884958
-58344.06195068669,0,45796.76478452999
708553.7205408345,0,812693.2700310168
-53418.184266443786,0,50722.64230144879
-41804.92617301503,0,62335.900574061605
539700.4267512389,0,643763.3560814856
81872.22653558428,0,186012.83838959323
323375.07947828004,0,427514.47700936225
237057.5825364079,0,341198.3867381098
-35205.4032217082,0,68930.07046521443
-24163.769291199653,0,79977.05731085231
26305.516992990517,0,130446.34366782889
237.57787699165056,0,104378.40461556839
155325.73689353207,0,259466.5584554853
-22275.48161054903,0,81865.12215348716
-93551.81673197821,0,10589.00970057857
-84828.50970976002,0,19312.307302156096
52533.968040960615,0,156674.77519081923
383197.83917608316,0,487337.7596110267
59100.89810648542,0,163241.6934916895
14380.75265960834,0,118268.41833945081
-45838.261324383166,0,58302.56529581663
-34020.96898102812,0,70012.42476734538
-70640.75686470319,0,33500.063780537406
360600.4391837722,0,464738.1838740212
20115.994383534424,0,124256.7656933607
-56085.68199898584,0,48055.14336489972
-70394.08833981043,0,33746.73829912465
-6609.695857440674,0,97531.12913243873
-91760.69545882885,0,12380.125276679433
-24965.884928217558,0,79154.85838113421
377619.4351401369,0,481760.244613331
59067.53408616465,0,163208.36071845432
4525837.250231923,0,4629978.075686322
82530.0745286461,0,186669.1953049256
-84480.79923320374,0,19660.00558832784
97068.33190772336,0,201207.99083228584
-39310.061517386144,0,64830.765226784446
-42801.55780637047,0,61339.268914331726
45007.20300677102,0,149148.0188565754
498452.0782072627,0,602588.6661626538
-96138.9166987141,0,8001.907867611403
36529.51684387703,0,140492.7728932159
-67685.31597668598,0,36455.50881100136
-86057.79899646927,0,17610.85639643393
-44093.61013445286,0,60047.02788076324
-77859.11347399202,0,26281.711572098524
-76978.82578004192,0,27140.157232287293
-69920.01030408611,0,34220.80041469605
-76957.70919928726,0,27183.105401038614
94537.47590738654,0,198675.86848497333
-54258.40798949265,0,49047.84468099899
118986.30071600922,0,223053.706278127
2759.3996031112547,0,106900.20752810755
3214.1621597938283,0,107354.96664903902
153334.73368325317,0,257475.39645198346
-63200.09798860749,0,40940.650596439344
-66242.90661017831,0,37897.88682761524
396762.2523208781,0,500902.87027905247
-90358.3909648085,0,13782.36797273852
-96206.77276875477,0,7934.053970480047
204627.05654631727,0,308767.8561310784
-11875.519557021922,0,92265.30586391877
413007.0793454869,0,517147.9060722814
-89470.63818246103,0,14666.401792201668
-81299.94011199471,0,22840.886187733904
16029.279881851959,0,120170.07431715453
-32519.268008662177,0,71621.52627204132
13585.74073892863,0,117726.53633718898
-71589.18863335249,0,32551.63790930754
-77853.83687576272,0,26286.98177936101
-62366.844129682315,0,41773.93737502213
65773.28578318542,0,169914.11140243773
-50382.30378993757,0,53758.24442139376
-73348.48004146238,0,30792.304546149444
6531.913978015669,0,110649.00327629519
36164.822608768714,0,140264.0381791449
-51853.573562579506,0,52287.22931408564
-39108.07551785827,0,64946.65766661018
-65281.10214637053,0,38859.68618958599
454143.8890241348,0,558284.1257487918
3357.185699640344,0,107497.23690598669
-21304.401588170414,0,82836.37187498066
-68763.48699984433,0,35377.33974648133
-79973.79734361492,0,24166.719169915697
232714.66218019844,0,336855.4777490932
-9897.980671102858,0,94242.8410020548
-83869.33681035381,0,20271.4878757406
-87509.7311733239,0,16631.05605556158
-27213.50899824392,0,76927.30709085734
-37513.120688901574,0,66627.70597863584
-63673.91619460353,0,40466.83864267827
-25939.532422716515,0,78201.2926918016
412707.013708553,0,515273.35802197
456848.904638344,0,560989.722314856
-64003.871786734984,0,40131.66061712772
-85157.04798294758,0,18983.77655557787
6308197.842306501,0,6402252.15911486
-60019.94333916168,0,44106.621097984906
-79826.13879774782,0,24314.31941760717
261092.38265081195,0,365233.20803416223
-57487.592897670795,0,46652.41308905781
-87738.24206545204,0,16402.582273209544
385597.50849135115,0,489738.1303667299
-62245.133703353116,0,41895.6929818695
-27346.852847436967,0,76789.73783916945
-78295.21453720183,0,25845.4941149801
-78573.04478605685,0,25567.76440837187
270845.55035854946,0,374986.31587076175
-33714.659383571314,0,70426.16614562151
127826.5223354247,0,231914.13729473358
44463.63663927139,0,146817.44531234057
332393.1060471088,0,436533.93247254123
-78006.5439027564,0,26134.28261009886
17614.003757409104,0,121754.27703921414
238495.75447327018,0,336204.26074281
760578.0623818072,0,864718.7159925763
-83999.35356719498,0,20141.47170607105
59188.862704812964,0,163324.01118255118
-80847.82469516476,0,23285.23209563812
144137.63450077325,0,248271.63772266597
12877.181666200537,0,117018.00829793181
143500.05703502244,0,247640.63289011622
-23050.118136071236,0,81090.69344677568
27887.158480208025,0,132027.89929123892
-70525.14078846663,0,33615.68588045954
250698.65430050294,0,354839.3898894671
-83764.08342334213,0,20371.68855693483
-43690.97453955488,0,60449.847508341736
1719416.6244398407,0,1814402.2768448512
174025.7257534104,0,278166.5354467839
-37928.34696178158,0,66212.47946488284
10118.247937516317,0,114258.90579392888
-76057.27703825213,0,28083.547845391273
-18001.034608678434,0,86139.7843072596
-89076.9983338844,0,15059.969123840905
22919.4658057297,0,127059.35827724394
469711.3080102532,0,573852.1237714275
-88960.31517213066,0,15180.510471378402
-41848.74707994202,0,62291.3114678528
545555.2208280622,0,649695.2511949473
-35921.364255285764,0,68219.08376350778
-12772.311023920993,0,91368.51571650065
348419.3189519561,0,452560.1275324254
-93752.11272967569,0,10388.71088693757
-53126.85564672668,0,51013.95663626848
-37898.47716656507,0,66239.31724787678
-33903.34726481662,0,70237.31218999361
-89272.80972262695,0,14868.015894302975
-9995.528943922145,0,94145.27863097678
203977.886245727,0,307380.2770708578
-23548.992729727783,0,80580.65474460565
51096.22736353403,0,155237.05223381871
-37917.42266804928,0,66223.18269437429
-36725.91853494472,0,67414.90692004481
-28915.02833316306,0,75225.78617093356
-80464.10883556449,0,23676.71789708394
-91908.02289485787,0,12232.80327643832
-94300.64791247316,0,9840.178834652676
199990.13128144026,0,302507.01560051355
163887.15985572437,0,268027.94311316
924.4400710918271,0,105065.23794366755
-59975.90127097208,0,44164.898129286
-89921.8982817285,0,14218.925688945837
-84692.46641727121,0,19448.36029950834
7649887.245662792,0,7654333.686018107
-58554.647273345036,0,45586.17945522506
419327.0472216876,0,523467.8737298661
25639.36800145437,0,129780.18550260842
12073.039517929217,0,116213.84326111751
31736.16930932721,0,135876.99604944393
102556.46080028059,0,206697.23107445496
-65257.92163286085,0,38882.90483230431
7459.82422166672,0,111600.65054357787
152234.59952596028,0,256375.40099776848
-53971.79135417609,0,50169.035386977004
3504699.22730309,0,3608599.712872614
-96959.40714460757,0,7181.31199047862
922303.6584080388,0,1024786.4587258496
239950.61886676386,0,344088.5347902573
-84622.01905908046,0,19518.79973473946
-90247.80236352021,0,13893.024313397369
2815583.6812841063,0,2918019.599129038
1696320.3668882886,0,1800185.3310537064
-80107.6771766653,0,24033.149547959118
-53138.886783323724,0,51001.93875185264
-46753.30481237117,0,56959.561743696606
-50949.90004235599,0,53186.023482833596
15621.136145480887,0,119758.35735148501
-46488.49716923134,0,57652.27036077583
48918.4189046786,0,153059.07170402975
-94529.74319308839,0,9610.763346244905
-59239.08658362348,0,44901.74016144929
-67373.87352770378,0,36766.95287608537
744986.8501263018,0,849126.7498599861
-84924.33135959349,0,19216.49171207995
-6118.3130237276055,0,98022.43997476704
-94879.73165998673,0,9261.095084213108
-16063.36553299403,0,88077.34696016453
-86455.92902002466,0,17684.89761778751
329178.49964239734,0,433319.3251859276
-60362.633885017894,0,43770.439825204325
-88881.26562760124,0,15259.561119293989
89836.27958929088,0,193977.04272518185
-92952.93306303729,0,11186.9646665703
-65832.16197885138,0,38307.45421536118
114334.24044648753,0,218475.06666924676
258622.20124794394,0,362763.02609159023
-91508.84719744726,0,12631.800356507703
180508.1241887494,0,284648.9427915781
141032.62254439606,0,245173.44383054422
-90421.7614216831,0,13719.065325428368
-97390.63463641515,0,6750.191910391306
113038.40723142656,0,217179.03050805972
-11512.227938130964,0,92628.58067746882
26214.751613796492,0,130355.57749946769
100292.04920895892,0,204426.25102395346
19386072.284255706,0,19488415.09543689
-94573.3034920806,0,9567.52301941363
-5655.503715887826,0,98484.82670499691
73235.47933912947,0,177355.57259813373
634914.9047868613,0,739055.7215722639
295165.2497150422,0,399223.99690947606
-54457.80967234698,0,49683.01638118594
51340.69377837025,0,155481.50352017005
400818.4739626744,0,420671.6480281931
412276.9485988007,0,516411.563665032
-72835.8210192359,0,31305.005720624184
-79675.9281832049,0,24464.716319276242
33069.53867178548,0,137210.3638339804
-70022.3025625659,0,34118.50974361004
95216.49619338755,0,199357.30432214553
-91595.52431215922,0,12545.27224326684
-40421.224277336405,0,63719.577405441494
-49208.123774518295,0,54932.693964631435
-82659.41527424715,0,21480.34729677545
207500.21980629602,0,311640.77618935937
60216.05824152956,0,164348.63756240052
-71168.87237804972,0,32971.95388918581
602132.7629935492,0,706273.2701944644
51701.0946157674,0,155837.64834046777
-55327.54136605985,0,48813.23791132895
174782.52434409733,0,278923.35080137075
-84529.68562888251,0,19611.140990767974
-51309.3205093759,0,52831.50623773848
34608.34494272863,0,138748.73564234163
-65065.65166002755,0,39075.11290591001
137499.227188973,0,241575.23732298941
-46642.56998721869,0,57498.25455187081
44858.23300251649,0,148997.76749219035
2389.2380112049505,0,106527.61137871875
-82058.2776686969,0,22082.549057458924
-31326.7135771829,0,72814.07710755213
-88187.49784297083,0,15953.328903964102
36021.76873961441,0,140140.0316421915
-50104.05449342563,0,54036.765130533415
608122.3947732172,0,712262.908759681
-76307.33030495988,0,27833.3177113277
1066933.5701119292,0,1171074.375101381
86471.07173925912,0,190611.89843255616
12107.942901546186,0,116246.01415176789
-65657.40587437502,0,38483.4013041098
198451.51742072921,0,302592.2263062694
-94349.1890867492,0,9791.624745602523
515704.95032897615,0,619845.7767382647
13234.935909341228,0,117375.7541306231
10447.542503003839,0,114584.94623015435
181722.19149515466,0,285815.5720889216
-21368.578697153076,0,82772.24562839499
-20126.90371846154,0,84009.06462669511
336339.27817329473,0,440477.8464097461
-85590.72984901466,0,18550.096282606497
1149613.7393274873,0,1253754.4118856043
-78642.79141699206,0,25498.035292634147
-8927.943313411764,0,95212.88341466642
-65394.96786883278,0,38745.82161320631
1919287.169538607,0,2019712.8246369145
298587.8541313811,0,402726.44722508313
19606.226167552617,0,123746.59704403508
-75140.0506563125,0,29000.74951756009
75200.32446691213,0,179341.0791251111
-27938.081351486442,0,76202.62625900803
66357.93223514108,0,170498.5575344167
-52197.32539036978,0,51943.489722938386
-53303.04194358022,0,50837.416395727116
-81853.23642172742,0,22287.59032156903
-70372.39765177257,0,33768.42909485671
1092.8701570046396,0,105229.02834548244
-89544.5121724315,0,14596.267895575938
-64678.282759707756,0,39462.38826267089
264268.14237644285,0,368408.9633440612
2028355.20274263,0,2131682.296163458
225400.2772378775,0,329465.87085620937
-91266.35151353817,0,12874.475017098614
-66023.55015778009,0,38117.23816651824
-72344.6580735542,0,31796.151811860316
-45910.82468286479,0,58228.9576338849
820313.5041356001,0,924454.3119177269
-1307.8977306470333,0,102815.15176306432
-91885.45255818669,0,12255.373096052288
25033.423075175488,0,129174.244029907
-93328.34187226718,0,10812.48486750363
266312.96673251956,0,370453.75416426547
-95952.9022732428,0,8187.867496532805
-89533.58507331942,0,14607.241673625722
-57601.61058949027,0,46539.20699371526
-69123.57029590064,0,35016.62470221036
210165.63498845,0,314306.37178079097
348949.724226122,0,453090.4899341861
-58739.03723895533,0,45401.78925168343
-20037.12292666576,0,84103.69912604585
-94517.78003530836,0,9622.819705103122
330734.2737683458,0,434874.98331771855
-21074.450886588078,0,83066.3758499884
-78859.70714084915,0,25280.141912936568
1310980.657245434,0,1415120.8542574188
-93353.35783363535,0,10787.468913305824
-33999.09180533501,0,70141.73287786392
148620.20792104796,0,252761.02576008256
13344.404170326641,0,117442.70990524674
-46348.14632132784,0,57792.68042168119
-95060.1224705329,0,9080.665690578238
-47129.706585255364,0,57007.78965361132
25279.745821441516,0,129367.34768579778
-67862.12642264234,0,36278.700313736954
-56565.31519921727,0,47575.48216942511
-95985.25254889691,0,8155.574171050512
821782.2397476729,0,925920.6502191412
-43839.766972190264,0,60301.043598753684
327483.54365254083,0,431624.37031981465
-5614.9284544839975,0,98523.88357644627
-74473.1043782853,0,29654.34769315927
1389.9635493673486,0,105530.41987095158
15816.797697424736,0,119957.58549347737
-67215.46605664236,0,36925.35570284882
11689.63959449267,0,115830.3243317679
-81550.91377196266,0,22589.908213878167
52579.29473789069,0,156720.11845663143
33542.310293607276,0,137681.23199277208
98100.51605580671,0,202241.33997046965
218864.59636890053,0,322980.82391477
26339.170163964074,0,130479.9883061102
-79994.3898724353,0,24146.400948422295
-48544.63050339783,0,55595.97138127246
-51053.4948855908,0,53083.69413011654
-38254.349710534385,0,65886.45826474347
-73732.34292101713,0,30408.48366059974
-82491.17502596682,0,21649.651511599437
-70909.92282279958,0,33230.65079619747
-589.009379592957,0,103550.33698585034
16717.644590925956,0,120858.45814198408
-81022.1757583654,0,23118.650956125086
-539.685267168461,0,103601.14117871875
-50751.88647795204,0,53363.98439909568
-24443.791722876264,0,79633.6718050854
-84875.04644491815,0,19265.758519699222
361322.1028825572,0,464817.792971721
-19369.49864758333,0,84701.60129810625
-44028.87180087196,0,60110.10366408902
-50225.16451705414,0,53915.66221795062
-64037.85401256976,0,40102.96665282997
229046.06663509083,0,333166.5591907149
-97762.7073146932,0,6378.119427361228
-24107.93570424757,0,80032.65680226038
-50939.44514279154,0,53201.38156201723
-70799.9239768305,0,33340.90270361391
-76568.58635327329,0,27572.20977539059
-89901.69476826259,0,14239.035045187578
-87017.00376645922,0,17122.902032484308
-76586.4013420413,0,27554.42540150542
115110.48041605973,0,219251.3004711553
36825.75597837385,0,140966.58272502723
-12774.43924121165,0,91365.77839085103
20435.65562161018,0,124555.91500788009
87172.50363557611,0,191313.32866889436
-97418.77152423287,0,6722.055190302128
-72047.94705784705,0,32092.854123087967
25008.58604863802,0,129149.40159668043
46323.21493600026,0,150464.0412117497
502222.43409662077,0,606363.0797365528
43897.07663433263,0,148037.90336760285
27358.477539135078,0,131499.30428099187
33436.82368815086,0,137577.18867267304
202016.37096617647,0,306157.1969792844
-55549.736918978415,0,48591.07263418786
48867.228876460016,0,153007.39238589752
-23445.444623794916,0,80610.16028476976
-60449.86373511375,0,43690.84833104057
-28851.192962898353,0,75288.92141019189
-6187.960117403512,0,97952.83385335538
-88271.09572964339,0,15867.051032583384
-72101.01376759131,0,32039.812979397255
121001.86934434925,0,225142.43692834655
-59969.04783096565,0,44171.6958786692
-38228.41378919783,0,65912.41295597996
-84020.75223198335,0,20073.67070978414
-85482.70338891196,0,18658.110678726895
-60454.59196123977,0,43686.229769618614
-50761.3224122303,0,53379.50124078318
-88804.60505856405,0,15336.218059898527
647681.1030115354,0,751819.2324732848
-909.398770374275,0,103231.42711044576
150863.51737411672,0,254995.34696508056
-60809.789473437384,0,43330.07399228628
-82023.574264775,0,22117.250714864123
-41386.54284095934,0,62668.55728876967
-11262.080237989205,0,92878.73044636744
103346.26626644837,0,207485.96795303674
-26267.033106988027,0,77873.79297354956
-94327.5868587957,0,9813.239776570372
92285.63230305302,0,196426.44728488894
160699.49452298344,0,264838.21536255034
77590.47770423832,0,181731.30445042075
808746.0669616283,0,912784.7264328004
75539.36136033823,0,179680.08302922183
-88751.02561850219,0,15389.799789812057
-88252.19468059941,0,15888.631471840306
10118.70277706984,0,114259.5285027612
-81631.9755301101,0,22508.850748966262
-95456.26905508671,0,8684.557493097118
480754.1551131983,0,582633.6936363113
127509.78239228908,0,231636.34442194228
-89917.21373495349,0,14223.612953249167
-76307.14700179483,0,27833.679745334815
-25540.661495121505,0,78600.16512594426
270198.3981331041,0,374339.1999536696
-90862.66494582227,0,13278.16180130695
-28091.019973643073,0,76049.79783912293
-92116.98949223105,0,12023.82043998208
-11249.931824398409,0,92890.89484282189
-87665.8222438453,0,16471.44966261296
43460.17873819105,0,147594.93715335068
40949.849994981625,0,145089.67897073756
-46811.89572044117,0,57328.86362244694
498066.42381268006,0,602168.0311219491
-54878.1649937126,0,49262.66155302701
215722.15800840475,0,319817.6453765202
-83310.01332015396,0,20830.687021151174
-76644.85365491893,0,27495.973091776024
-44684.369572202515,0,59456.40820817785
-50342.2969043677,0,53798.52958836368
4102.337392178801,0,108243.15532316627
-21248.131199854208,0,82892.69547134665
214622.14668232037,0,318762.97339475446
459731.3694008871,0,563848.165286511
-94595.65633481223,0,9545.169098645438
-19591.545513156398,0,84549.28090330427
-63930.73882790243,0,40210.08673038464
-52836.898190373926,0,51303.85563030374
107651.39946581822,0,211791.08167320618
-76535.36519722379,0,27605.441468559868
-40902.00022014585,0,63238.762770611494
-75566.98804139963,0,28573.209377043535
-43852.317895534936,0,60287.30298076006
-77981.29404436395,0,26158.272328814295
-53861.18623014554,0,50279.63421112787
-30643.797636081552,0,73497.02911101906
-56751.14443859934,0,47389.676570495605
-79215.66123620787,0,24925.142269753025
-10821.693003385866,0,93112.58358276411
1777447.5261499842,0,1880221.4423249224
48025.551323408676,0,152164.1552946892
-27280.53940274078,0,76859.04804094891
-88699.78454862889,0,15441.04219573539
-27239.921609367626,0,76831.22954139621
-63620.28341383739,0,40520.54271227249
-70137.33936380946,0,34003.168336124785
-78844.62518574754,0,25296.201544968862
494455.649896899,0,597676.2653896656
167139.81447930454,0,271280.44304989075
505209.2147771196,0,609287.7795190647
-30052.056376755198,0,74088.76541227444
-84997.23941125594,0,19143.586239289816
-29559.00539410658,0,74580.92752101738
-71374.69333173835,0,32766.095543258005
976892.7773347527,0,1081020.6133443103
72078.81342407406,0,176219.63911626217
-43674.1232051232,0,60465.64466803306
-68402.85167178197,0,35737.9396698646
-72179.28451387124,0,31961.54214156834
-82245.80618036087,0,21895.020565776544
-93195.95697964639,0,10944.806106512777
-86014.51560958271,0,18126.230460211867
-76017.8011469946,0,28123.02556147618
112039.94440987697,0,216180.75974091425
-60131.816438758295,0,43989.99861700778
335421.61530635424,0,439562.4330757816
119349.51744910359,0,223490.3394749779
-72626.39714836731,0,31514.429581639026
-60048.81841937939,0,44092.001351463005
-87411.74505488324,0,16729.07956710695
-60072.9691975186,0,44066.7611570825
85954.30594598004,0,190095.13269172225
41286.54189597676,0,145427.33371735198
504.8050398422856,0,104645.1554488289
257089.2134903789,0,361229.67699215485
-1049.200743256224,0,103091.62595756302
-81650.54430324992,0,22490.278740443355
-96416.86180157744,0,7723.9649405457685
-90304.17183337302,0,13836.65491123479
-61630.04469947005,0,42162.17681108663
170759.12698077975,0,274899.3970149846
207346.9260609207,0,311487.51873074536
25770.666657978312,0,129907.82960003328
60512.22712307594,0,164652.90970819187
-53831.14618564383,0,50309.58573190454
-75105.16979268032,0,29035.65657679212
-73402.71936958174,0,30738.100489908426
379848.98957412265,0,483989.10557937855
743557.4017705632,0,847296.9357603259
12028.278990695908,0,116168.68160692843
-85538.3841684541,0,18602.44176211373
-69592.87940892435,0,34547.94733787832
-97143.62254988676,0,6997.204071313499
-45229.62877934366,0,58906.21172003674
29048.26015952834,0,133189.08685688136
-89066.58436257274,0,15074.237389982254
-23769.70671598145,0,80371.1199011395
-73665.8011714385,0,30475.02556624245
5196.595666289439,0,109337.39927304524
244129.86346867072,0,348267.59818010754
-28850.350268199574,0,75178.74286590892
119390.84018457518,0,223530.79829473482
63867.79940163058,0,168006.8344678672
-52331.97502193435,0,51808.85013856063
242776.97668495474,0,346416.01726951764
-57651.345117364915,0,46489.481620627135
11905.151907342952,0,116045.97138743478
-94030.08067592832,0,10108.716594195423
2967582.817708854,0,3071723.643943192
553603.9782657111,0,657741.8955659316
-64178.78686631765,0,39962.027984709144
71989.38955179113,0,176130.20922887963
1866195.7080286262,0,1970310.9196281924
-93482.6844661105,0,10657.941417320102
-85655.82591909508,0,18485.000713642265
-87940.81488266087,0,16198.26156799026
817667.3682840962,0,921024.5482757763
-88388.69602422784,0,15752.130658515965
-69984.16955362854,0,34156.65459784555
363793.52737878304,0,467934.3524912862
-83013.32959646606,0,21127.438342213514
12886.431614645677,0,114325.3776156961
-72651.69186959871,0,31488.93344365708
-28860.245097842115,0,75280.58141285079
-51032.083190452024,0,53108.74256732631
-90612.41360235152,0,13528.413143307489
53030.80577333486,0,157171.21174385777
103077.60521878017,0,207218.43196502316
293212.17027465726,0,397352.96516690135
10908.23910322052,0,115045.54578530155
-92894.2218888696,0,11246.603349401523
73649.17492342734,0,177789.97163984965
59825.00633332662,0,163965.8330802357
27836.16382519913,0,131976.97884952708
209925.5049582979,0,314066.30941451545
-81693.69040601629,0,22447.131139287194
-47345.43876067022,0,56795.38735375224
-85433.5981940997,0,18707.223867072957
283921.57700844586,0,388062.1264349714
-55328.35127256038,0,48812.47547302257
3316994.630442848,0,3421016.4478339762
-84227.51483027064,0,19913.310338906653
-86996.76566303615,0,17140.29651127311
32910.51533092728,0,137051.25373032142
-85981.72379229158,0,18159.102953329573
4312895.734539233,0,4417019.512963886
-70199.11614151517,0,33939.29332441722
112529.8518616512,0,216670.12134826736
523932.0110558263,0,628072.4876706672
-37877.28553605926,0,66263.5226517639
7524435.985866471,0,7628576.8072120845
-8274.742327822823,0,95866.05256059964
142976.89558495232,0,244223.7363095684
7745.492431587139,0,111886.31916153389
-63951.660514029114,0,40188.86996929798
-78414.31625022867,0,25726.486594449034
-96395.82479366373,0,7745.001953420949
-71185.96369761761,0,32954.86287181562
-83285.40567532164,0,20855.420878862515
-57226.88945054055,0,46913.935812672804
-89581.82351157648,0,14558.979889411577
17312.306171863915,0,121453.13289512054
-71187.88619913365,0,32951.71185537203
-45148.56849446895,0,58992.25824295951
4502.206674380788,0,108642.77704030123
-59847.09161600781,0,44292.07352659148
-88828.18956754339,0,15311.63304963827
139683.24852050186,0,243824.0727510177
-59847.74545952393,0,44293.081227888215
-74523.9922364822,0,29616.83447970073
312366.4476573031,0,416507.1691489649
8255738.658037779,0,8359690.133735594
-88346.6134999347,0,15794.073384300526
-45631.75110019248,0,58502.94734074235
-60791.097535539244,0,43349.72170879069
-17763.124893271044,0,86377.6841268003
100749.1948335843,0,204890.02143226442
-72996.42957091876,0,31144.397106309905
849651.3841149026,0,953791.6468338367
976103.083312148,0,1079825.1784759834
41650.70100392997,0,145786.9337278767
-40619.613005662664,0,63521.19799566596
-89099.40046173049,0,15041.420877999197
-66136.03486312686,0,38004.77954624924
-67506.31189453238,0,36606.555843021124
-93885.52721415448,0,10241.805671684815
-73575.19139292343,0,30565.633607431093
167584.4967409243,0,271725.2882247111
143547.7087777099,0,247636.09087117808
-9965.047972802917,0,94175.7674633544
148119.4758301659,0,252260.30127519555
-94312.95112458958,0,9827.874839636652
-81612.75841048342,0,22527.7580044846
-93671.16106712882,0,10469.665644513549
467024.82223124435,0,571165.647948495
